{
    "ColorChip":
    {
        "maxColors":4,
        "backgroundColor":3,
        "maskColor":"#FF00FF",
        "unique":false,
        "debug":false,
        
    },
    "DisplayChip":
    {
        "width":168,
        "height":152,
        "overscanX":1,
        "overscanY":1,
        "layers":6
        
    },
    "FontChip":
    {
    },
    "GameChip":
    {
        "lockSpecs":false,
        "maxSize":128,
        "saveSlots":8
    },
    "MusicChip":
    {
        "totalSongs":8,
        "notesPerTrack":127,
        "totalPatterns":8,
        "totalLoop":8
    },
    "SoundChip":
    {
        "totalChannels":4,
        "totalSounds":16,
        "channelTypes":[-1,-1,-1,-1]
    },
    
    "SpriteChip":{
        "maxSpriteCount":40,
        "unique":false,
        "spriteWidth":8,
        "spriteHeight":8,
        "pages":2,
        "cps":4
    },
    "TilemapChip":
    {
        "columns":128,
        "rows":128,
        "totalFlags":16,
        "autoImport":false,
        
    }
}