{
    "SoundChip":
    {
        "version":"v2",
        "sounds": [{
                "name":"Melody",
                "settings":"0,,.2,,.2,.1266,,,,,,,,,,,,,1,,,,,0.29"
                },
                {
                "name":"Harmony",
                "settings":"0,,.01,,.509,.1266,,,,,,,,.31,,,,,1,,,.1,,.5"
                },
                {
                "name":"Bass",
                "settings":"4,,.01,,.509,.1266,,,,,,,,.31,,,,,1,,,.1,,1"
                },
                {
                "name":"Shot",
                "settings":"1,,.2941,,.1139,.6252,.218,-.3059,,,,,,.7712,-.6962,,,,1,,,,,.5"
                },
                {
                "name":"Step01",
                "settings":"0,0,.01,0,0,.1266,0,0,0,0,0,0.03,,.31,,,,,1,,,0.03,-1,.5"
                },
                {
                "name":"Select",
                "settings":"0,,.1907,,.1654,.3173,,.2361,,,,,,.3475,,,,,1,,,.0851,,.5"
                },
                {
                "name":"EnemyHit",
                "settings":"0,,.06,,.271,.5851,,-.3564,,,,,,.0206,,,,,1,,,.0277,,.5"
                },
                {
                "name":"BonusUFO",
                "settings":"0,0.11,0.16,0.55,.4291,.833,,0.1,0,,,.3333,.6387,,,,,,1,,,,,0.59"
                },
                {
                "name":"BONUSUFO",
                "settings":"0,0.5,.2446,,.3874,.2708,,.1741,,,,,,.0513,,,,,1,,,,,.5"
                },
                {
                "name":"Untitled09",
                "settings":"0,,.0185,.4397,.1783,.8434,,,,,,,,,,,,,1,,,,,.5"
                },
                {
                "name":"Untitled10",
                "settings":"0,,.0185,.4397,.1783,.8434,,,,,,,,,,,,,1,,,,,.5"
                },
                {
                "name":"Untitled11",
                "settings":"0,,.0185,.4397,.1783,.8434,,,,,,,,,,,,,1,,,,,.5"
                },
                {
                "name":"Untitled12",
                "settings":"0,,.0185,.4397,.1783,.8434,,,,,,,,,,,,,1,,,,,.5"
                },
                {
                "name":"Untitled13",
                "settings":"0,,.0185,.4397,.1783,.8434,,,,,,,,,,,,,1,,,,,.5"
                },
                {
                "name":"Untitled14",
                "settings":"0,,.0185,.4397,.1783,.8434,,,,,,,,,,,,,1,,,,,.5"
                },
                {
                "name":"Untitled15",
                "settings":"0,,.0185,.4397,.1783,.8434,,,,,,,,,,,,,1,,,,,.5"
                }
                
        ]
}
}