{
    "width":128,"height":128,"nextobjectid":1,"orientation":"orthogonal","renderorder":"right-down","tiledversion":"1.0.3","tilewidth":8,"tileheight":8,"type":"map","version":1,"backgroundcolor":"#FF00FF","tilesets": [{"columns":16,"firstgid":1,"image":"sprites.png","imagewidth":128,"imageheight":256,"margin":0,"name":"sprites","spacing":0,"tilewidth":8,"tileheight":8,"tilecount":512,"transparentcolor":"#FF00FF"}],"layers": [{"draworder":"topdown","name":"Tilemap","id":1,"type":"objectgroup","opacity":1,"visible":true,"x":0,"y":0,"objects": [{"name":"Tile:14,0","gid":1,"width":8,"height":8,"x":112,"y":8,"properties": [{"name":"flagID","type":"int","value":-1},{"name":"colorOffset","type":"int","value":128}]},{"name":"Tile:15,0","gid":2,"width":8,"height":8,"x":120,"y":8,"properties": [{"name":"flagID","type":"int","value":-1},{"name":"colorOffset","type":"int","value":128}]},{"name":"Tile:28,4","gid":197,"width":8,"height":8,"x":224,"y":40,"properties": [{"name":"flagID","type":"int","value":-1},{"name":"colorOffset","type":"int","value":128}]},{"name":"Tile:29,4","gid":198,"width":8,"height":8,"x":232,"y":40,"properties": [{"name":"flagID","type":"int","value":-1},{"name":"colorOffset","type":"int","value":128}]},{"name":"Tile:30,4","gid":199,"width":8,"height":8,"x":240,"y":40,"properties": [{"name":"flagID","type":"int","value":-1},{"name":"colorOffset","type":"int","value":128}]},{"name":"Tile:31,4","gid":200,"width":8,"height":8,"x":248,"y":40,"properties": [{"name":"flagID","type":"int","value":-1},{"name":"colorOffset","type":"int","value":128}]},{"name":"Tile:32,4","gid":201,"width":8,"height":8,"x":256,"y":40,"properties": [{"name":"flagID","type":"int","value":-1},{"name":"colorOffset","type":"int","value":128}]},{"name":"Tile:33,4","gid":202,"width":8,"height":8,"x":264,"y":40,"properties": [{"name":"flagID","type":"int","value":-1},{"name":"colorOffset","type":"int","value":128}]},{"name":"Tile:34,4","gid":203,"width":8,"height":8,"x":272,"y":40,"properties": [{"name":"flagID","type":"int","value":-1},{"name":"colorOffset","type":"int","value":128}]},{"name":"Tile:35,4","gid":204,"width":8,"height":8,"x":280,"y":40,"properties": [{"name":"flagID","type":"int","value":-1},{"name":"colorOffset","type":"int","value":128}]},{"name":"Tile:36,4","gid":205,"width":8,"height":8,"x":288,"y":40,"properties": [{"name":"flagID","type":"int","value":-1},{"name":"colorOffset","type":"int","value":128}]},{"name":"Tile:37,4","gid":206,"width":8,"height":8,"x":296,"y":40,"properties": [{"name":"flagID","type":"int","value":-1},{"name":"colorOffset","type":"int","value":128}]},{"name":"Tile:28,5","gid":213,"width":8,"height":8,"x":224,"y":48,"properties": [{"name":"flagID","type":"int","value":-1},{"name":"colorOffset","type":"int","value":128}]},{"name":"Tile:29,5","gid":214,"width":8,"height":8,"x":232,"y":48,"properties": [{"name":"flagID","type":"int","value":-1},{"name":"colorOffset","type":"int","value":128}]},{"name":"Tile:30,5","gid":215,"width":8,"height":8,"x":240,"y":48,"properties": [{"name":"flagID","type":"int","value":-1},{"name":"colorOffset","type":"int","value":128}]},{"name":"Tile:31,5","gid":216,"width":8,"height":8,"x":248,"y":48,"properties": [{"name":"flagID","type":"int","value":-1},{"name":"colorOffset","type":"int","value":128}]},{"name":"Tile:32,5","gid":217,"width":8,"height":8,"x":256,"y":48,"properties": [{"name":"flagID","type":"int","value":-1},{"name":"colorOffset","type":"int","value":128}]},{"name":"Tile:33,5","gid":218,"width":8,"height":8,"x":264,"y":48,"properties": [{"name":"flagID","type":"int","value":-1},{"name":"colorOffset","type":"int","value":128}]},{"name":"Tile:34,5","gid":219,"width":8,"height":8,"x":272,"y":48,"properties": [{"name":"flagID","type":"int","value":-1},{"name":"colorOffset","type":"int","value":128}]},{"name":"Tile:35,5","gid":220,"width":8,"height":8,"x":280,"y":48,"properties": [{"name":"flagID","type":"int","value":-1},{"name":"colorOffset","type":"int","value":128}]},{"name":"Tile:36,5","gid":221,"width":8,"height":8,"x":288,"y":48,"properties": [{"name":"flagID","type":"int","value":-1},{"name":"colorOffset","type":"int","value":128}]},{"name":"Tile:37,5","gid":222,"width":8,"height":8,"x":296,"y":48,"properties": [{"name":"flagID","type":"int","value":-1},{"name":"colorOffset","type":"int","value":128}]},{"name":"Tile:26,6","gid":227,"width":8,"height":8,"x":208,"y":56,"properties": [{"name":"flagID","type":"int","value":-1},{"name":"colorOffset","type":"int","value":128}]},{"name":"Tile:27,6","gid":228,"width":8,"height":8,"x":216,"y":56,"properties": [{"name":"flagID","type":"int","value":-1},{"name":"colorOffset","type":"int","value":128}]},{"name":"Tile:28,6","gid":229,"width":8,"height":8,"x":224,"y":56,"properties": [{"name":"flagID","type":"int","value":-1},{"name":"colorOffset","type":"int","value":128}]},{"name":"Tile:29,6","gid":230,"width":8,"height":8,"x":232,"y":56,"properties": [{"name":"flagID","type":"int","value":-1},{"name":"colorOffset","type":"int","value":128}]},{"name":"Tile:30,6","gid":231,"width":8,"height":8,"x":240,"y":56,"properties": [{"name":"flagID","type":"int","value":-1},{"name":"colorOffset","type":"int","value":128}]},{"name":"Tile:31,6","gid":232,"width":8,"height":8,"x":248,"y":56,"properties": [{"name":"flagID","type":"int","value":-1},{"name":"colorOffset","type":"int","value":128}]},{"name":"Tile:32,6","gid":233,"width":8,"height":8,"x":256,"y":56,"properties": [{"name":"flagID","type":"int","value":-1},{"name":"colorOffset","type":"int","value":128}]},{"name":"Tile:33,6","gid":234,"width":8,"height":8,"x":264,"y":56,"properties": [{"name":"flagID","type":"int","value":-1},{"name":"colorOffset","type":"int","value":128}]},{"name":"Tile:34,6","gid":235,"width":8,"height":8,"x":272,"y":56,"properties": [{"name":"flagID","type":"int","value":-1},{"name":"colorOffset","type":"int","value":128}]},{"name":"Tile:35,6","gid":236,"width":8,"height":8,"x":280,"y":56,"properties": [{"name":"flagID","type":"int","value":-1},{"name":"colorOffset","type":"int","value":128}]},{"name":"Tile:36,6","gid":237,"width":8,"height":8,"x":288,"y":56,"properties": [{"name":"flagID","type":"int","value":-1},{"name":"colorOffset","type":"int","value":128}]},{"name":"Tile:37,6","gid":238,"width":8,"height":8,"x":296,"y":56,"properties": [{"name":"flagID","type":"int","value":-1},{"name":"colorOffset","type":"int","value":128}]},{"name":"Tile:38,6","gid":239,"width":8,"height":8,"x":304,"y":56,"properties": [{"name":"flagID","type":"int","value":-1},{"name":"colorOffset","type":"int","value":128}]},{"name":"Tile:39,6","gid":240,"width":8,"height":8,"x":312,"y":56,"properties": [{"name":"flagID","type":"int","value":-1},{"name":"colorOffset","type":"int","value":128}]},{"name":"Tile:26,7","gid":243,"width":8,"height":8,"x":208,"y":64,"properties": [{"name":"flagID","type":"int","value":-1},{"name":"colorOffset","type":"int","value":128}]},{"name":"Tile:27,7","gid":244,"width":8,"height":8,"x":216,"y":64,"properties": [{"name":"flagID","type":"int","value":-1},{"name":"colorOffset","type":"int","value":128}]},{"name":"Tile:28,7","gid":245,"width":8,"height":8,"x":224,"y":64,"properties": [{"name":"flagID","type":"int","value":-1},{"name":"colorOffset","type":"int","value":128}]},{"name":"Tile:29,7","gid":246,"width":8,"height":8,"x":232,"y":64,"properties": [{"name":"flagID","type":"int","value":-1},{"name":"colorOffset","type":"int","value":128}]},{"name":"Tile:30,7","gid":247,"width":8,"height":8,"x":240,"y":64,"properties": [{"name":"flagID","type":"int","value":-1},{"name":"colorOffset","type":"int","value":128}]},{"name":"Tile:31,7","gid":248,"width":8,"height":8,"x":248,"y":64,"properties": [{"name":"flagID","type":"int","value":-1},{"name":"colorOffset","type":"int","value":128}]},{"name":"Tile:32,7","gid":249,"width":8,"height":8,"x":256,"y":64,"properties": [{"name":"flagID","type":"int","value":-1},{"name":"colorOffset","type":"int","value":128}]},{"name":"Tile:33,7","gid":250,"width":8,"height":8,"x":264,"y":64,"properties": [{"name":"flagID","type":"int","value":-1},{"name":"colorOffset","type":"int","value":128}]},{"name":"Tile:34,7","gid":251,"width":8,"height":8,"x":272,"y":64,"properties": [{"name":"flagID","type":"int","value":-1},{"name":"colorOffset","type":"int","value":128}]},{"name":"Tile:35,7","gid":252,"width":8,"height":8,"x":280,"y":64,"properties": [{"name":"flagID","type":"int","value":-1},{"name":"colorOffset","type":"int","value":128}]},{"name":"Tile:36,7","gid":253,"width":8,"height":8,"x":288,"y":64,"properties": [{"name":"flagID","type":"int","value":-1},{"name":"colorOffset","type":"int","value":128}]},{"name":"Tile:37,7","gid":254,"width":8,"height":8,"x":296,"y":64,"properties": [{"name":"flagID","type":"int","value":-1},{"name":"colorOffset","type":"int","value":128}]},{"name":"Tile:38,7","gid":255,"width":8,"height":8,"x":304,"y":64,"properties": [{"name":"flagID","type":"int","value":-1},{"name":"colorOffset","type":"int","value":128}]},{"name":"Tile:39,7","gid":256,"width":8,"height":8,"x":312,"y":64,"properties": [{"name":"flagID","type":"int","value":-1},{"name":"colorOffset","type":"int","value":128}]}]}]}